word,cefr,first_seen,status,book,chapters,freq_book,sources,example_en,example_cn,recommended_date,card_exported
decidedly,c1,2026-08-29,active,little_women,1,30,little_women|ch1|30,"""I shall get a nice box of Faber's drawing pencils; I really need them,"" said Amy decidedly.",“我真的需要它们，”艾米说得斩钉截铁。,2026-08-29,1
slipper,c1,2026-08-29,active,little_women,1,22,little_women|ch1|22,"The clock struck six and, having swept up the hearth, Beth put a pair of slippers down to warm.",钟敲了六下，贝丝扫完壁炉，把一双拖鞋放上去烤暖。,2026-08-29,1
sigh,b2,2026-08-29,active,little_women,1,60,little_women|ch1|60,"""It's so dreadful to be poor!"" sighed Meg, looking down at her old dress.",“穷成这样太糟了！”梅格低头看着旧裙子叹气道。,2026-08-29,1
bundle,b2,2026-08-29,active,little_women,1,28,little_women|ch1|28,"Where are our bundles?"" asked Amy, who was a very literal young lady.",“我们的包袱在哪儿？”艾米问——她是个特别较真的姑娘。,2026-08-29,1
jolly,c1,2026-08-29,active,little_women,1,23,little_women|ch1|23,"It was a jolly little supper, with the sisters' laughter ringing round the table.",那是一顿愉快的小晚餐，姐妹们的笑声在桌边回荡。,2026-08-29,1
rose,b2,2026-08-29,active,little_women,2,62,little_women|ch2|62,"Born of roses, fed on dew, Charms and potions canst thou brew?",生于玫瑰，饮于露水，咒语与灵药你都能酿造？,2026-08-29,1
presently,c1,2026-08-29,active,little_women,2,28,little_women|ch2|28,"Presently a bell sounded, the curtains flew apart, and the operatic tragedy began.",不一会儿铃声响起，帷幕飞开，这部歌剧悲剧开场了。,2026-08-29,1
trifle,c1,2026-08-29,active,little_women,2,41,little_women|ch2|41,"There was a good deal of rustling and whispering behind the curtain, a trifle of lamp smoke, and an occasional giggle from Amy, who was apt to get hysterical in the excitement of the moment.",帷幕后面传来一阵窸窸窣窣和窃窃私语，一缕灯烟，还有艾米偶然冒出的一声笑——她动不动就会歇斯底里。,2026-08-29,1
truly,b2,2026-08-29,active,little_women,1,26,little_women|ch1|26,"Save me!'"" and away went Jo, with a melodramatic scream which was truly thrilling.",“太难得了，真是妙极了。”,2026-08-29,1
neglect,c1,2026-08-29,active,little_women,2,21,little_women|ch2|21,"We used to be faithful about it, but since Father went away and all this war trouble unsettled us, we have neglected many things.",我们过去对这件事一直很上心，可自从爸爸离家、战乱让大家心神不宁，许多事情都被我们忽略了。,2026-08-29,1
queer,c1,2026-08-29,active,little_women,2,30,little_women|ch2|30,"Fortunately it was early, and they went through back streets, so few people saw them, and no one laughed at the queer party.",幸好天色还早，他们走的是后街，所以没人看见，谁也没有笑话这支怪模怪样的队伍。,2026-08-29,1
sketch,c1,2026-08-29,active,little_women,1,27,little_women|ch1|27,Jo pulled a pencil from her pocket and dashed off a hasty sketch of the room on the back of an old envelope.,乔从衣袋里掏出铅笔，在旧信封背面匆匆勾了一幅姐妹们的速写。,2026-08-29,1
delight,b2,2026-08-29,active,little_women,1,45,little_women|ch1|45,"Beth ate no more, but crept away to sit in her shadowy corner and brood over the delight to come, till the others were ready.",贝丝不再吃东西，悄悄溜到她阴暗的角落里坐下，心里盘算着即将到来的欢乐，直到大家准备就绪。,2026-08-29,1
tone,b2,2026-08-29,active,little_women,1,81,little_women|ch1|81,"""I know I do—teaching those tiresome children nearly all day, when I'm longing to enjoy myself at home,"" began Meg, in the complaining tone again.",“我知道——整天教我那些烦人的学生，而我巴不得待在家里好好享福。”梅格又用那抱怨的语气开了口。,2026-08-29,1
tire,b2,2026-08-29,active,little_women,1,66,little_women|ch1|66,"Jo, you look tired to death.",乔，你看上去累坏了。,2026-08-29,1
tear,b2,2026-08-29,active,little_women,1,74,little_women|ch1|74,"Amy's eyes were full of tears, and she declared she would never speak of her pears again.",艾米眼里噙着泪，说她再也不提她的梨子了。,2026-08-29,1
satisfy,b2,2026-08-29,active,little_women,1,59,little_women|ch1|59,The small store of things they had seemed to satisfy their simple wants.,她们手里那点微薄的东西，似乎就足以满足她们朴素的愿望。,2026-08-29,1
spite,b2,2026-08-29,active,little_women,1,77,little_women|ch1|77,"""You said the other day you thought we were a deal happier than the King children, for they were fighting and fretting all the time, in spite of their money."" ""So I did, Beth.",“你前几天说，我们比金家的孩子幸福多了，因为他们一天到晚打架吵嘴，尽管有钱。”,2026-08-29,1
seldom,b2,2026-08-29,active,little_women,1,33,little_women|ch1|33,"Elizabeth, or Beth, as everyone called her, was a rosy, smooth-haired, bright-eyed girl of thirteen, with a shy manner, a timid voice, and a peaceful expression which was seldom disturbed.",伊丽莎白——大家都叫她贝丝——是个十三岁的姑娘，面色红润，头发顺滑，眼睛明亮，举止羞怯，声音怯怯的，神情安详。,2026-08-29,1
lean,b2,2026-08-29,active,little_women,1,41,little_women|ch1|41,"Jo leaned her chin on her hand and lay staring at the fire, lost in a pleasant dream.",乔一只手托着下巴，靠在窗边，望着外面的雨出神。,2026-08-29,1
comfort,b2,2026-08-29,active,little_women,1,94,little_women|ch1|94,"Tell them I think of them by day, pray for them by night, and find my best comfort in their affection at all times.",告诉他们，我白天想着她们，夜里为她们祈祷，最大的慰藉就是在任何时候都拥有她们的爱。,2026-08-29,1
resolve,b2,2026-08-29,active,little_women,1,34,little_women|ch1|34,She resolved firmly that she would do better next time.,她下定决心，下一次一定要做得更好。,2026-08-29,1
soul,b2,2026-08-29,active,little_women,1,50,little_women|ch1|50,She put her whole soul into the little song.,她把整个心灵都融进了那支歌里。,2026-08-29,1
grace,c1,2026-08-29,active,little_women,2,27,little_women|ch2|27,"He consents without a murmur, all join in a joyful chorus, and the curtain falls upon the lovers kneeling to receive Don Pedro's blessing in attitudes of the most romantic grace.",他毫无怨言地答应了，众人齐声唱起欢乐的合唱，帷幕在恋人们跪着接受唐·佩德罗祝福的姿态中落下，那姿态优雅极了。,2026-08-29,1
whisper,b2,2026-08-29,active,little_women,2,53,little_women|ch2|53,"Beth nestled up to her, and whispered softly, ""I wish I could send my bunch to Father.",贝丝依偎着她，轻声低语道：“我真想把我那束花寄给爸爸。”,2026-08-29,1
lover,b2,2026-08-29,active,little_women,2,32,little_women|ch2|32,"Act third was the castle hall, and here Hagar appeared, having come to free the lovers and finish Hugo.",第三幕是城堡大厅，哈加现身了，她来解救这对恋人，了结雨果。,2026-08-29,1
cheek,b2,2026-08-29,active,little_women,2,44,little_women|ch2|44,"Jo put her arm round her and, leaning cheek to cheek, read also, with the quiet expression so seldom seen on her restless face.",乔搂住她，脸颊贴着她的脸颊，也跟着读起来，脸上带着那副在她不安分的脸上难得一见的宁静神情。,2026-08-29,1
sofa,b2,2026-08-29,active,little_women,2,41,little_women|ch2|41,Amy curled up on the sofa with a book and a dish of bonbons.,艾米蜷在沙发上，捧着一本书，旁边放着一碟糖果，自得其乐。,2026-08-29,1
handsome,b2,2026-08-29,active,little_women,2,44,little_women|ch2|44,"Mr. Brooke was a quiet young man, not handsome, but kind and steady.",布鲁克先生是个安静的年轻人，算不上英俊，但善良而沉稳。,2026-08-29,1
honor,b2,2026-08-29,active,little_women,2,30,little_women|ch2|30,"Three cheers for Marmee!"" cried Jo, prancing about while Meg went to conduct Mother to the seat of honor.",“为妈妈三呼万岁！”乔嚷着，蹦蹦跳跳，而梅格去把母亲领到荣誉的座位上。,2026-08-29,1
satisfaction,b2,2026-08-29,active,little_women,2,48,little_women|ch2|48,"No gentleman were admitted, so Jo played male parts to her heart's content and took immense satisfaction in a pair of russet leather boots given her by a friend, who knew a lady who knew an actor.",没有男士入场，乔便尽情出演男角，过足了戏瘾，还从一位朋友那里得到一双黄褐色的皮靴，穿着它让她得意非凡。,2026-08-29,1
agreeable,c1,2026-08-29,active,little_women,2,22,little_women|ch2|22,"The girls had never been called angel children before, and thought it very agreeable, especially Jo, who had been considered a 'Sancho' ever since she was born.",姑娘们还从没被人叫作天使般的孩子，觉得这话非常受用，尤其是乔——她自打出生起就被看作“桑丘”。,2026-08-29,1
pillow,b2,2026-08-29,active,little_women,2,28,little_women|ch2|28,"She woke Meg with a ""Merry Christmas,"" and bade her see what was under her pillow.",她先喊一声“圣诞快乐”叫醒梅格，让她看看枕头底下有什么。,2026-08-29,1
softly,b2,2026-08-29,active,little_women,2,28,little_women|ch2|28,"Beth nestled up to her, and whispered softly, ""I wish I could send my bunch to Father.",贝丝依偎着她，轻轻地说：“我真想把我那束花寄给爸爸。”,2026-08-29,1
rush,b2,2026-08-29,active,little_women,2,28,little_women|ch2|28,"I told you so!"" With wonderful presence of mind, Don Pedro, the cruel sire, rushed in, dragged out his daughter, with a hasty aside . . .",“我早告诉过你！”冷酷的父亲唐·佩德罗反应神速地冲了进来，一把拖走女儿，匆匆丢下一句旁白……,2026-08-29,1
precious,b2,2026-08-29,active,little_women,2,30,little_women|ch2|30,"A green-covered book appeared, with the same picture inside, and a few words written by their mother, which made their one present very precious in their eyes.",一本绿皮书出现了，里面画着同样的图画，还有母亲写下的几句话，使她们这唯一的礼物在眼里变得弥足珍贵。,2026-08-29,1
carriage,c1,2026-08-29,active,little_women,3,23,little_women|ch3|23,"""I can't have a carriage without its costing ever so much.",“我没法置办马车，那要花费太多。”,2026-08-29,1
amuse,c1,2026-08-29,active,little_women,3,48,little_women|ch3|48,"She could not roam about and amuse herself, for the burned breadth would show, so she stared at people rather forlornly till the dancing began.",她不能到处闲逛自娱自乐，因为烧坏的那截裙边会露出来，所以她只能颇为落寞地盯着人们，直到黄昏。,2026-08-29,1
peep,c1,2026-08-29,active,little_women,3,31,little_women|ch3|31,Both peeped and criticized and chatted till they felt like old acquaintances.,两人又偷看、又品评、又闲聊，很快就觉得像老相识了。,2026-08-29,1
lad,c1,2026-08-29,active,little_women,3,26,little_women|ch3|26,"I won't go before seventeen, anyway."" ""Aren't you but fifteen?"" asked Jo, looking at the tall lad, whom she had imagined seventeen already.",“可不管怎样，我十七岁之前不去。”“你难道才十五岁吗？”乔问道，打量着这个高个子少年——她原以为他十七岁了。,2026-08-29,1
spoil,b2,2026-08-29,active,little_women,3,50,little_women|ch3|50,I'm spoiled!,“我就是被惯坏的孩子！”,2026-08-29,1
hearty,c1,2026-08-29,active,little_women,3,24,little_women|ch3|24,Mr. Lawrence received them with a hearty welcome and a warm handshake.,劳伦斯先生热情洋溢地接待了他们，握手亲切而有力。,2026-08-29,1
silk,b2,2026-08-29,active,little_women,3,31,little_women|ch3|31,"""If I only had a silk!"" sighed Meg.",“我要是有一条丝绸裙就好了！”梅格叹道。,2026-08-29,1
dare,b2,2026-08-29,active,little_women,3,46,little_women|ch3|46,"She telegraphed her wish to Meg, but the eyebrows went up so alarmingly that she dared not stir.",她把愿望做手势传给梅格，可梅格的眉毛挑得那么吓人，她不敢再轻举妄动。,2026-08-29,1
fellow,b2,2026-08-29,active,little_women,3,62,little_women|ch3|62,"Laurie proved a jolly fellow, full of fun and high spirits.",劳里原来是个快活的小伙子，浑身是趣，兴致勃勃。,2026-08-29,1
scold,c1,2026-08-29,active,little_women,3,22,little_women|ch3|22,"Hannah scolded, Meg cried, and Jo was at her wits' end, till she decided to take things into her own hands.",汉娜直骂，梅格直哭，乔束手无策，最后决定自己拿主意。,2026-08-29,1
blush,c1,2026-08-29,active,little_women,3,21,little_women|ch3|21,"I see you pegging away at your books, no, I mean studying hard."" And Jo blushed at the dreadful 'pegging' which had escaped her.",“我看你成天啃书——不，我是说用功读书。”说到漏嘴的“啃书”二字，乔脸红了。,2026-08-29,1
tender,b2,2026-08-29,active,little_women,3,67,little_women|ch3|67,"Don't you see?"" ""Your hands are bigger than mine, and you will stretch my glove dreadfully,"" began Meg, whose gloves were a tender point with her.",“你的手比我的大，准会把我手套撑坏。”梅格开口道——手套正是她的一个痛点。,2026-08-29,1
absorb,b2,2026-08-29,active,little_women,3,32,little_women|ch3|32,"On New Year's Eve the parlor was deserted, for the two younger girls played dressing maids and the two elder were absorbed in the all-important business of 'getting ready for the party'.",除夕夜客厅空无一人，两个小些的姑娘去当梳妆丫鬟，两个大些的正全神贯注地忙着打扮。,2026-08-29,1
regret,b2,2026-08-29,active,little_women,3,31,little_women|ch3|31,"I'm so sorry, but the tongs were too hot, and so I've made a mess,"" groaned poor Jo, regarding the little black pancakes with tears of regret.",“真抱歉，火钳太烫了，都让我弄糟了。”可怜的乔望着那几张黑乎乎的小饼叹气道。,2026-08-29,1
nod,b2,2026-08-29,active,little_women,3,36,little_women|ch3|36,"I'll lift my eyebrows if any thing is wrong, and nod if you are all right.",“我要是有哪儿不对，就挑起眉毛；你要是没事，我就点头。”,2026-08-29,1
glance,b2,2026-08-29,active,little_women,3,50,little_women|ch3|50,"""I was trying to get something for Meg, who is very tired, and someone shook me, and here I am in a nice state,"" answered Jo, glancing dismally from the stained skirt to the coffee-colored glove.",“我是想给梅格弄点东西吃，她累坏了，谁知被人摇醒，就成了这副狼狈相。”乔扫了一眼答道。,2026-08-29,1
oblige,c1,2026-08-29,active,little_women,3,20,little_women|ch3|20,He asked Jo to oblige him by carrying the note to his grandson.,他请乔帮忙把字条捎给他的孙子。,2026-08-29,1
slip,b2,2026-08-29,active,little_women,3,27,little_women|ch3|27,"Slipping out, she ran down and, finding a servant, asked if he could get her a carriage.",她悄悄溜出去，跑下楼，找到一个仆人，问他能不能给她叫一辆马车。,2026-08-29,1
beg,b2,2026-08-29,active,little_women,4,46,little_women|ch4|46,"When Mr. March lost his property in trying to help an unfortunate friend, the two oldest girls begged to be allowed to do something toward their own support, at least.",马奇先生为帮助一位不幸的朋友而失去家产时，两个大女儿恳求允许她们做点什么来贴补家用。,2026-08-29,1
devote,b2,2026-08-29,active,little_women,4,34,little_women|ch4|34,"Even when he went away, and her mother was called to devote her skill and energy to Soldiers' Aid Societies, Beth went faithfully on by herself and did the best she could.",即使父亲离家、母亲应召把自己的技艺和精力献给士兵救济会之后，贝丝也仍然虔诚地尽着自己的本分。,2026-08-29,1
silence,b2,2026-08-29,active,little_women,4,30,little_women|ch4|30,"I like to think about them afterward, if they are real and not too preachy,"" said Jo, after a minute's silence.",“我喜欢事后慢慢琢磨它们，只要它们真实而不过分说教，”乔沉默片刻后说。,2026-08-29,1
possess,b2,2026-08-29,active,little_women,4,34,little_women|ch4|34,"She was a great favorite with her mates, being good-tempered and possessing the happy art of pleasing without effort.",她很受同伴喜爱，脾气温和，还有一种毫不费力就能讨人喜欢的本领。,2026-08-29,1
anxious,b2,2026-08-29,active,little_women,4,37,little_women|ch4|37,"He sat down near me, and I began to talk to him, for he looked poor and tired and anxious.",他坐在我身边，我便和他攀谈起来，因为他看上去又穷又累、心事重重。,2026-08-29,1
bless,b2,2026-08-29,active,little_women,4,51,little_women|ch4|51,"""Oh, bless you, no!",“哦，老天爷保佑，怎么会！”,2026-08-29,1
wise,b2,2026-08-29,active,little_women,4,35,little_women|ch4|35,"It was not a wise thing to do, but I kept on worrying till an old man came in with an order for some clothes.",那不是什么明智之举，可我一直愁个不停，直到一位老人进来，要订做几件衣服。,2026-08-29,1
fortune,b2,2026-08-29,active,little_women,4,27,little_women|ch4|27,"""We can't give up our girls for a dozen fortunes.",“我们可不能为了十几份家产就舍弃我们的姑娘们。”,2026-08-29,1
romance,b2,2026-08-29,active,little_women,4,27,little_women|ch4|27,Amy dreamed of romance and handsome princes in far-off lands.,艾米梦想着遥远国度的浪漫爱情和英俊王子。,2026-08-29,1
gay,b2,2026-08-29,active,little_women,4,29,little_women|ch4|29,"She tried not to be envious or discontented, but it was very natural that the young girl should long for pretty things, gay friends, accomplishments, and a happy life.",她努力不去嫉妒、不去抱怨，但年轻的姑娘渴望漂亮的东西、快活的朋友和欢乐的聚会，这再自然不过。,2026-08-29,1
dreadful,b2,2026-08-29,active,little_women,4,44,little_women|ch4|44,"My dear, it's really dreadful, for sometimes she is so bad her frock is up to her knees, and she can't come to school.",“亲爱的，这真的糟透了，有时候她裙子短得齐到膝盖，都没法来上学了。”,2026-08-29,1
altogether,b2,2026-08-29,active,little_women,4,28,little_women|ch4|28,"""I like good strong words that mean something,"" replied Jo, catching her hat as it took a leap off her head preparatory to flying away altogether.",“我喜欢有分量的好词，得有点含义，”乔答道，一把抓住她那顶正猛地一蹿、准备飞走的帽子。,2026-08-29,1
desire,b2,2026-08-29,active,little_women,4,28,little_women|ch4|28,"Her desire for pretty things was strong, but she tried to be content.",她对漂亮东西的渴望很强烈，但她努力让自己知足。,2026-08-29,1
nonsense,c1,2026-08-29,active,little_women,4,18,little_women|ch4|18,"What nonsense you talk, Jo! said Meg, laughing.",“你尽说胡话，乔！”梅格笑着说。,2026-08-29,1
creature,b2,2026-08-29,active,little_women,4,27,little_women|ch4|27,"She was a housewifely little creature, and helped Hannah keep home neat and comfortable for the workers, never thinking of any reward but to be loved.",她是个很会操持家务的小姑娘，帮着汉娜把家收拾得整洁舒适，供忙碌的人们享用，从不图什么回报。,2026-08-29,1
fond,b2,2026-08-29,active,little_women,4,39,little_women|ch4|39,"As she said, she was 'fond of luxury', and her chief trouble was poverty.",正如她所说，她“喜欢奢华”，而她最大的烦恼就是贫穷。,2026-08-29,1
temper,b2,2026-08-29,active,little_women,4,30,little_women|ch4|30,"""There never was such a cross family!"" cried Jo, losing her temper when she had upset an inkstand, broken both boot lacings, and sat down upon her hat.",“世上就没有这么乱糟糟的一家！”乔在打翻墨水瓶、扯断两根鞋带、又一屁股坐进扫帚之后，终于发起脾气来。,2026-08-29,1
disappoint,b2,2026-08-29,active,little_women,4,30,little_women|ch4|30,"She was afraid she would disappoint her mother, so she tried her very best.",她怕让妈妈失望，于是竭尽全力。,2026-08-29,1
pause,b2,2026-08-29,active,little_women,5,43,little_women|ch5|43,"She saw Mr. Lawrence drive off, and then sallied out to dig her way down to the hedge, where she paused and took a survey.",她看着劳伦斯先生驾车离去，然后出门一路铲雪来到树篱边，在那里停下脚步观望。,2026-08-29,1
sentimental,c1,2026-08-29,active,little_women,5,19,little_women|ch5|19,"Italians are always nice,"" said Meg, who was a little sentimental.",“意大利人总是那么和气，”梅格说，她是个有点多愁善感的姑娘。,2026-08-29,1
praise,b2,2026-08-29,active,little_women,5,29,little_women|ch5|29,"She wished Beth could hear him, but she did not say so, only praised him till he was quite abashed, and his grandfather came to his rescue.",她真希望贝丝也听听他演奏，可她没有说出来，只是一味夸他，夸得他窘得不行，这时他祖父来接他回家。,2026-08-29,1
lively,b2,2026-08-29,active,little_women,5,33,little_women|ch5|33,"He needs a party of jolly boys to play with, or somebody young and lively.",他需要一帮快活的男孩一起玩耍，或者需要个年轻活泼的人陪他。,2026-08-29,1
splendid,b2,2026-08-29,active,little_women,5,56,little_women|ch5|56,"Mother is so splendid, she'd do you heaps of good, and Beth would sing to you if I begged her to, and Amy would dance.",“妈妈是那么好，她会让你受益无穷；我要去求贝丝，她会给你唱歌，艾米会给你跳舞。”,2026-08-29,1
exclaim,b2,2026-08-29,active,little_women,5,39,little_women|ch5|39,"Before he could more, a bell rang, and Jo flew up, exclaiming with alarm, ""Mercy me!",他还没来得及多说，铃声响了，乔冲上楼来，惊慌地喊道：“天哪！”,2026-08-29,1
mercy,c1,2026-08-29,active,little_women,5,18,little_women|ch5|18,"Before he could more, a bell rang, and Jo flew up, exclaiming with alarm, ""Mercy me!",他还没来得及多说，铃声响了，乔冲上楼来，惊慌地喊道：“我的天哪！”,2026-08-29,1
grand,b2,2026-08-29,active,little_women,5,24,little_women|ch5|24,"It was a grand old house, with wide halls and tall windows.",那是一幢气派的旧宅，门厅宽阔，窗户高挑。,2026-08-29,1
broom,c1,2026-08-29,active,little_women,5,9,little_women|ch5|9,"Jo nodded and laughed, and flourished her broom as she called out . . .",乔点了点头笑了，挥舞着扫帚喊道……,2026-08-29,1
basket,b2,2026-08-29,active,little_women,5,25,little_women|ch5|25,"Beth says I never know when to stop."" ""Is Beth the rosy one, who stays at home good deal and sometimes goes out with a little basket?"" asked Laurie with interest.",“贝丝说我从不知道什么时候该停嘴。”“贝丝就是那个脸蛋红红的、常待在家里、偶尔挎着小篮子出门的姑娘吗？”,2026-08-29,1
propose,b2,2026-08-29,active,little_women,5,25,little_women|ch5|25,"When they rose she proposed to go, but Laurie said he had something more to show her, and took her away to the conservatory, which had been lighted for her benefit.",她们起身后，她提议告辞，可劳里说他还有东西要给她看，便带她去了温室。,2026-08-29,1
regard,b2,2026-08-29,active,little_women,5,25,little_women|ch5|25,"Her respect and regard for the 'Laurence' boy increased very much, for he played remarkably well and didn't put on any airs.",她对这位“劳伦斯家”的少年的敬重与好感大增，因为他琴弹得极好，而且一点也不摆架子。,2026-08-29,1
inquire,c1,2026-08-29,active,little_women,5,15,little_women|ch5|15,"""Mother, why didn't Mr. Laurence like to have Laurie play?"" asked Jo, who was of an inquiring disposition.",“妈妈，劳伦斯先生为什么不愿意劳里弹琴？”乔问道，她生性爱刨根问底。,2026-08-29,1
flourish,c1,2026-08-29,active,little_women,5,14,little_women|ch5|14,"Jo nodded and laughed, and flourished her broom as she called out . . .",乔点了点头笑了，挥舞着扫帚喊道……,2026-08-29,1
blunt,c1,2026-08-29,active,little_women,5,10,little_women|ch5|10,"He liked Jo, for her odd, blunt ways suited him, and she seemed to understand the boy almost as well as if she had been one herself.",他喜欢乔，因为她那种古怪、直率的做派很对他的胃口，而她似乎几乎像他自己一样了解这个男孩。,2026-08-29,1
entirely,b2,2026-08-29,active,little_women,5,20,little_women|ch5|20,The room was entirely empty when they entered.,他们进来时，房间里空空如也。,2026-08-29,1
maid,b2,2026-08-29,active,little_women,5,21,little_women|ch5|21,"""The doctor to see you, sir,"" and the maid beckoned as she spoke.",“大夫来看您了，先生。”女仆说着，做了个请的手势。,2026-08-29,1
respectful,c1,2026-08-29,active,little_women,5,8,little_women|ch5|8,"""Do you play?"" she asked, turning to Laurie with a respectful expression.",“你会弹琴吗？”她带着恭敬的神情转向劳里问道。,2026-08-29,1
in an altered tone,toe,2026-08-30,active,little_women,1,2,little_women|ch1|2,"Nobody spoke for a minute; then Meg said in an altered tone, ""You know the reason Mother proposed not having any presents this Christmas was because it is going to be a hard winter for everyone; and she thinks we ought not to spend money for pleasure, when our men are suffering so in the army.",谁也没说话，沉默了一分钟；随后梅格换了一种语气说道：“你们知道妈妈提议今年圣诞节不要任何礼物，是因为对每个人来说这都是一个艰难的冬天；她觉得当我们的男人们正在军队里受苦时，我们不该为享乐而花钱。”,2026-08-30,1
firmly believed,toe,2026-08-30,active,little_women,1,2,little_women|ch1|2,"You're a regular Shakespeare!"" exclaimed Beth, who firmly believed that her sisters were gifted with wonderful genius in all things.",“你真是个十足的莎士比亚！”贝丝大声喊道，她坚信自己的姐妹们方方面面都天赋异禀。,2026-08-30,1
little pilgrims,toe,2026-08-30,active,little_women,1,2,little_women|ch1|2,"Now, my little pilgrims, suppose you begin again, not in play, but in earnest, and see how far on you can get before Father comes home."" ""Really, Mother?","“好了,我的小朝圣者们,我们重新开始吧——不是做游戏,而是认认真真地,看看在爸爸回家之前你们能走多远。”",2026-08-30,1
nobody did,toe,2026-08-30,active,little_women,1,2,little_women|ch1|2,"Mine is dishes and dusters, and envying girls with nice pianos, and being afraid of people."" Beth's bundle was such a funny one that everybody wanted to laugh, but nobody did, for it would have hurt her feelings very much.","贝丝的这份「担子」实在太滑稽,大家都想笑,可谁也没有笑出来。",2026-08-30,1
sobbed out,toe,2026-08-30,active,little_women,1,1,little_women|ch1|1,"Jo wasn't ashamed of the great tear that dropped off the end of her nose, and Amy never minded the rumpling of her curls as she hid her face on her mother's shoulder and sobbed out, ""I am a selfish girl!",乔并不为那颗从鼻尖滚落的大泪珠感到难为情，艾米也毫不在意把脸埋进妈妈肩头时弄皱的卷发，她就这样伏在妈妈怀里，抽抽搭搭地哭道：“我是个自私的女孩！”,2026-08-30,1
strike up,b2,2026-08-30,active,little_women,2,1,little_women|ch2|1,"Strike up, Beth!","""贝丝,奏起来吧!""",2026-08-30,1
slipping out,toe,2026-08-30,active,little_women,3,1,little_women|ch3|1,"Slipping out, she ran down and, finding a servant, asked if he could get her a carriage.","她悄悄溜了出去,跑下楼,找到一名仆人,问他能不能帮她叫一辆马车。",2026-08-30,1
ran down,toe,2026-08-30,active,little_women,3,1,little_women|ch3|1,"Slipping out, she ran down and, finding a servant, asked if he could get her a carriage.","她溜了出来,跑下楼,找到一个仆人,问能不能给她叫一辆马车。",2026-08-30,1
settled it,toe,2026-08-30,active,little_women,3,2,little_women|ch3|2,"It's all on my way, you know, and it rains, they say."" That settled it, and telling him of Meg's mishap, Jo gratefully accepted and rushed up to bring down the rest of the party.","“反正顺路,你知道,而且他们说会下雨。”这一下就定了,乔便把她他们Meg遇到的麻烦告诉他,感激地答应了,急忙跑上楼去把仆人带下来。",2026-08-30,1
to look sober,b2,2026-08-30,active,little_women,3,2,little_women|ch3|2,"That put Jo at her ease and she laughed too, as she said, in her heartiest way, ""We did have such a good time over your nice Christmas present."" ""Grandpa sent it."" ""But you put it into his head, didn't you, now?"" ""How is your cat, Miss March?"" asked the boy, trying to look sober while his black eyes shone with fun.","这让乔安下心来,她也笑了,用她最爽朗的语气说:“我们过你的圣诞礼物可真开心。”“是爷爷送的。",2026-08-30,1
practiced away,toe,2026-08-30,active,little_women,4,1,little_women|ch4|1,"She loved music so dearly, tried so hard to learn, and practiced away so patiently at the jingling old instrument, that it did seem as if someone (not to hint Aunt March) ought to help her.",她深爱音乐，学得那么用心，又那么耐心地在那架叮当作响的旧琴上练个不停，以至于让人觉得仿佛冥冥之中真有什么力量在暗中成全她（至于是什么，且不去点破）。,2026-08-30,1
tears in her eyes,toe,2026-08-30,active,little_women,4,3,little_women|ch4|3,"""My only comfort,"" she said to Meg, with tears in her eyes, ""is that Mother doesn't take tucks in my dresses whenever I'm naughty, as Maria Parks's mother does.",“我唯一的安慰，”她眼含泪水对梅格说，“就是妈妈不会像玛丽亚·帕克斯的妈妈那样，我一淘气，就把我的裙子缝短几褶来惩罚我。”,2026-08-30,1
read away,a1,2026-08-30,active,little_women,4,1,little_women|ch4|1,"She never finds herself very soon, so the minute her cap began to bob like a top-heavy dahlia, I whipped the Vicar of Wakefield out of my pocket, and read away, with one eye on him and one on Aunt.",她总要好一阵子才会察觉自己在打瞌睡，所以她的帽子刚像一朵头重脚轻的大丽花似的开始一点一点往下垂，我就从口袋里抽出《威克菲尔德牧师传》，自顾自地读个不停。,2026-08-30,1
to be loved,toe,2026-08-30,active,little_women,4,2,little_women|ch4|2,"She was a housewifely little creature, and helped Hannah keep home neat and comfortable for the workers, never thinking of any reward but to be loved.",她是个天生会操持家务的小人儿，帮着汉娜把家里收拾得干净又舒适，好安顿那些在外劳作的人回家歇息；她从来没想过要什么回报，一心只求被人疼爱。,2026-08-30,1
everyone petted her,toe,2026-08-30,active,little_women,4,2,little_women|ch4|2,"Amy was in a fair way to be spoiled, for everyone petted her, and her small vanities and selfishnesses were growing nicely.","艾米正处在快要被宠坏的当口,因为人人都把她当宝贝一样捧着哄着,她那点小小的虚荣和自私也就一个劲儿地滋长起来。",2026-08-30,1
colored up,toe,2026-08-30,active,little_women,5,2,little_women|ch5|2,"She's my girl, and a regular good one she is, too."" ""The pretty one is Meg, and the curly-haired one is Amy, I believe?"" ""How did you find that out?"" Laurie colored up, but answered frankly, ""Why, you see I often hear you calling to one another, and when I'm alone up here, I can't help looking over at your house, you always seem to be having such good times.",「你怎么知道的?」劳里涨红了脸。,2026-08-30,1
much obliged,toe,2026-08-30,active,little_women,5,3,little_women|ch5|3,"""I'm a great deal better for it, and ever so much obliged.","经你这么一照看,我好多了,真是感激不尽。",2026-08-30,1
made a good impression,toe,2026-08-30,active,little_women,5,2,little_women|ch5|2,"But finding them free and easy, she was so herself, and made a good impression.","可她发现她们都随和自在,于是也放松下来做回自己,给大家留下了很好的印象。",2026-08-30,1
come over,a1,2026-08-30,active,little_women,5,1,little_women|ch5|1,"I just wish, though, instead of peeping, you'd come over and see us.","不过我真希望,你别总站在这儿探头探脑的,干脆过来看看我们吧。",2026-08-30,1
drive off,a1,2026-08-30,active,little_women,5,1,little_women|ch5|1,"She saw Mr. Lawrence drive off, and then sallied out to dig her way down to the hedge, where she paused and took a survey.","她眼见劳伦斯先生乘车离去,便走出去,一路拨开积雪探到树篱边,停下来四下打量。",2026-08-30,1
trustee,c1,2026-08-31,active,daddy_long_legs,1,30,daddy_long_legs|ch1|30,Had—O horrors!—one of the cherubic little babes in her own room F 'sauced' a Trustee?,“天哪，太可怕了！难道是她自己F房间里那个天使般的小家伙‘顶撞’了一位理事？”,2026-08-31,1
asylum,c1,2026-08-31,active,daddy_long_legs,1,24,daddy_long_legs|ch1|24,"Now you are finishing that, and of course the asylum cannot be responsible any longer for your support.",如今你已经毕业，孤儿院当然就不再负担你的生活费了。,2026-08-31,1
allowance,c1,2026-08-31,active,daddy_long_legs,1,12,daddy_long_legs|ch1|12,"He is giving you a very liberal allowance, almost, for a girl who has never had any experience in taking care of money, too liberal.",他给你的零用钱非常宽裕——对一个从没管过钱的姑娘来说，几乎太多了。,2026-08-31,1
correspond,c1,2026-08-31,active,daddy_long_legs,1,2,daddy_long_legs|ch1|2,"Since you have no family with whom to correspond, he desires you to write in this way; also, he wishes to keep track of your progress.",既然你没有可以通信的家人，他希望你按这种方式写信；他也想随时了解你的进步。,2026-08-31,1
pantry,c1,2026-08-31,active,daddy_long_legs,1,3,daddy_long_legs|ch1|3,"Jerusha escaped from the pantry where she had been making sandwiches for the asylum's guests, and turned upstairs to accomplish her regular work.",朱鲁莎从配餐室逃了出来——她一直在给孤儿院的客人们做三明治——上楼去干她平时的活儿。,2026-08-31,1
tuition,c1,2026-08-31,active,daddy_long_legs,1,2,daddy_long_legs|ch1|2,"Your board and tuition will be paid directly to the college, and you will receive in addition during the four years you are there, an allowance of thirty-five dollars a month.",你的膳宿费和学费将直接付给学校；此外在大学四年里，你每月还会领到三十五美元的津贴。,2026-08-31,1
predecessor,c1,2026-08-31,active,daddy_long_legs,1,1,daddy_long_legs|ch1|1,"But this particular first Wednesday, like its predecessors, finally dragged itself to a close.",不过这特定的第一个星期三，同以往的每一个一样，总算慢慢挨过去了。,2026-08-31,1
wrench,c1,2026-08-31,active,daddy_long_legs,1,1,daddy_long_legs|ch1|1,Jerusha wrenched herself from the window and refaced the troubles of life.,朱鲁莎使劲从窗边扭回身，重新面对生活的种种烦恼。,2026-08-31,1
waver,c1,2026-08-31,active,daddy_long_legs,1,1,daddy_long_legs|ch1|1,"It looked, for all the world, like a huge, wavering daddy-long-legs.",那影子看上去活像一只晃动着的巨大长腿叔叔。,2026-08-31,1
widen,c1,2026-08-31,active,daddy_long_legs,1,1,daddy_long_legs|ch1|1,The lane widens where the gravel road leaves the campus and runs down towards the village.,砾石路离开校园通向村子时，小路渐渐变宽。,2026-08-31,1
expend,c1,2026-08-31,active,daddy_long_legs,1,1,daddy_long_legs|ch1|1,"They were both sent through college by Mr.—er—this Trustee, and both have repaid with hard work and success the money that was so generously expended.",他们两位都是被这位——呃——理事先生送进大学的，如今都勤奋工作、事业有成，报答了那份慷慨付出的钱。,2026-08-31,1
philanthropy,c1,2026-08-31,active,daddy_long_legs,1,1,daddy_long_legs|ch1|1,His whole life is a quiet lesson in philanthropy done without a single flourish.,他的一生就是一堂无声的慈善课——不留一点张扬。,2026-08-31,1
numb,c1,2026-08-31,active,daddy_long_legs,1,1,daddy_long_legs|ch1|1,"He believes that you have originality, and he is planning to educate you to become a writer.'  'A writer?' Jerusha's mind was numbed.",“他相信你有独创性，打算把你培养成作家。”“作家？”朱鲁莎的脑子都麻木了。,2026-08-31,1
imperative,c1,2026-08-31,active,daddy_long_legs,1,1,daddy_long_legs|ch1|1,"If any point should ever arise where an answer would seem to be imperative—such as in the event of your being expelled, which I trust will not occur—you may correspond with Mr. Griggs, his secretary.",如果有任何问题非回答不可——比如你要被开除时（我相信不会发生）——你可以写信给他的秘书格里格斯先生。,2026-08-31,1
automobile,b2,2026-08-31,active,daddy_long_legs,1,5,daddy_long_legs|ch1|5,An automobile flashed past the window; Mrs. Lippett glanced after it.,一辆汽车从窗外一闪而过；李皮太太的目光追着它看。,2026-08-31,1
imagination,b2,2026-08-31,active,daddy_long_legs,1,5,daddy_long_legs|ch1|5,"In imagination she followed first one equipage, then another, to the big houses dotted along the hillside.",她凭想象跟着一辆又一辆马车，一路到了山坡上星星点点的那些大宅子。,2026-08-31,1
trim,b2,2026-08-31,active,daddy_long_legs,1,9,daddy_long_legs|ch1|9,She pictured herself in a fur coat and a velvet hat trimmed with feathers leaning back in the seat and nonchalantly murmuring 'Home' to the driver.,她想象自己穿着皮大衣、戴着饰有羽毛的天鹅绒帽子，靠在座位上，漫不经心地对司机咕哝一声：“回家。”,2026-08-31,1
corridor,b2,2026-08-31,active,daddy_long_legs,1,6,daddy_long_legs|ch1|6,The shadow pictured grotesquely elongated legs and arms that ran along the floor and up the wall of the corridor.,影子怪诞地拉长了腿和手臂，沿着地板爬去，又爬上了走廊的墙。,2026-08-31,1
lights out,toe,2026-08-31,active,daddy_long_legs,2,1,daddy_long_legs|ch2|1,Lights out.,熄灯了。,2026-08-31,1
awfully,b2,2026-08-31,active,daddy_long_legs,2,35,daddy_long_legs|ch2|35,"That wouldn't be an awfully big wardrobe for Julia Rutledge Pendleton, perhaps, but for Jerusha Abbott—Oh, my!",对朱莉娅·拉特利奇·彭德尔顿来说，那个衣柜也许不算特别大，可对朱鲁莎·艾伯特——哦天哪！,2026-08-31,1
geometry,c1,2026-08-31,active,daddy_long_legs,2,7,daddy_long_legs|ch2|7,Geometry: Finished cylinders; now doing cones.,几何：学完了圆柱体，现在做圆锥体。,2026-08-31,1
gymnasium,c1,2026-08-31,active,daddy_long_legs,2,13,daddy_long_legs|ch2|13,The new gymnasium is so bright that we practise basketball even on the greyest afternoons.,新体育馆亮堂极了，就算是最阴沉的下午我们也能练篮球。,2026-08-31,1
examination,b2,2026-08-31,active,daddy_long_legs,2,14,daddy_long_legs|ch2|14,"She believes that if you are a Pendleton, that fact alone admits you to heaven without any further examination.",她相信，只要你姓彭德尔顿，光凭这一点就能免试直接进天堂。,2026-08-31,1
embarrass,c1,2026-08-31,active,daddy_long_legs,2,3,daddy_long_legs|ch2|3,It's very embarrassing at times.,这种时候常常让人很难为情。,2026-08-31,1
exposition,c1,2026-08-31,active,daddy_long_legs,2,2,daddy_long_legs|ch2|2,English: Studying exposition.,英语：学习说明文（的写法）。,2026-08-31,1
catalogue,c1,2026-08-31,active,daddy_long_legs,2,2,daddy_long_legs|ch2|2,"I'm still 'Jerusha' in the catalogue, but I'm 'Judy' everywhere else.",在学籍册上我还是“朱鲁莎”，可在其他所有地方我都是“朱迪”。,2026-08-31,1
precision,c1,2026-08-31,active,daddy_long_legs,2,1,daddy_long_legs|ch2|1,Observe with what precision I obey rules—due to my training in the John Grier Home.,瞧我遵守规则多么一丝不苟——这全靠在约翰·格里尔之家的训练。,2026-08-31,1
encyclopedia,c1,2026-08-31,active,daddy_long_legs,2,1,daddy_long_legs|ch2|1,"But now, when the girls talk about things that I never heard of, I just keep still and look them up in the encyclopedia.",可现在，姑娘们谈起我闻所未闻的事情时，我就闭口不言，转身去查百科全书。,2026-08-31,1
ingenuity,c1,2026-08-31,active,daddy_long_legs,2,1,daddy_long_legs|ch2|1,I wish Mrs. Lippett would use a little more ingenuity about choosing babies' names.,我希望李皮太太在给婴儿们起名字这件事上多动点巧思。,2026-08-31,1
mitten,c1,2026-08-31,active,daddy_long_legs,2,1,daddy_long_legs|ch2|1,"I've had kid mittens before from the Christmas tree, but never real kid gloves with five fingers.",圣诞树上挂的连指手套我倒是收到过，可从来没有过有五根手指的真正的皮手套。,2026-08-31,1
coward,c1,2026-08-31,active,daddy_long_legs,2,1,daddy_long_legs|ch2|1,"I don't want you to think I am a coward, but I do want to be like the other girls, and that Dreadful Home looming over my childhood is the one great big difference.",我不想让你觉得我是个胆小鬼，可我确实想和别的姑娘一样——那个笼罩着我整个童年的“可怕之家”是我们之间最大的差别。,2026-08-31,1
perimeter,c1,2026-08-31,active,daddy_long_legs,2,1,daddy_long_legs|ch2|1,The area of the convex surface of the frustum of a regular pyramid is half the product of the sum of the perimeters of its bases by the altitude of either of its trapezoids.,正棱锥台的侧面积，等于两底周长之和与其任一梯形之高的乘积的一半。,2026-08-31,1
altitude,c1,2026-08-31,active,daddy_long_legs,2,1,daddy_long_legs|ch2|1,The area of the convex surface of the frustum of a regular pyramid is half the product of the sum of the perimeters of its bases by the altitude of either of its trapezoids.,正棱锥台的侧面积，等于两底周长之和与其任一梯形之高的乘积的一半。,2026-08-31,1
theorem,c1,2026-08-31,active,daddy_long_legs,2,1,daddy_long_legs|ch2|1,It is very difficult thinking about you in the abstract like a theorem in geometry.,像这样把你当成几何课里的定理一样抽象地去想，实在太难了。,2026-08-31,1
satisfactorily,c1,2026-08-31,active,daddy_long_legs,2,1,daddy_long_legs|ch2|1,"I have it planned exactly what you look like—very satisfactorily—until I reach the top of your head, and then I AM stuck.",我把你的长相设想得清清楚楚——相当令人满意——直到想到你的头顶，我就卡住了。,2026-08-31,1
beetle,c1,2026-08-31,active,daddy_long_legs,2,1,daddy_long_legs|ch2|1,"They're grey, and your eyebrows stick out like a porch roof (beetling, they're called in novels), and your mouth is a straight line with a tendency to turn down at the corners.",你的眉毛像门廊顶棚一样凸出来——小说里管这叫“浓眉如檐”——你的嘴是一条直线，嘴角还往下撇。,2026-08-31,1
prism,c1,2026-08-31,active,daddy_long_legs,2,1,daddy_long_legs|ch2|1,On Friday last we abandoned our former works in parallelopipeds and proceeded to truncated prisms.,上个星期五我们放弃了平行六面体，开始做截头棱柱。,2026-08-31,1
filled up,toe,2026-08-31,active,daddy_long_legs,3,1,daddy_long_legs|ch3|1,"The corridors are so filled up that you can hardly get through, and everybody is so bubbling over with excitement that studying is getting left out.","走廊里挤得人几乎走不过去,每个人都兴奋得快要迸发出来,学习这件事被彻底抛到脑后了。",2026-08-31,1
free from conditions,toe,2026-08-31,active,daddy_long_legs,3,2,daddy_long_legs|ch3|2,I passed them both and am now free from conditions.,"我两门都通过了,现在不再受任何成绩条件的约束了。",2026-08-31,1
commence,c1,2026-08-31,active,daddy_long_legs,3,10,daddy_long_legs|ch3|10,Jerusha Abbott has commenced to be an author.,朱鲁莎·艾伯特开始成为一名作家了。,2026-08-31,1
toad,c1,2026-08-31,active,daddy_long_legs,3,5,daddy_long_legs|ch3|5,"Yours for ever, Judy  8th hour, Monday  Dear Daddy-Long-Legs,  I hope you aren't the Trustee who sat on the toad?",亲爱的长腿叔叔，我希望你不是那位坐在癞蛤蟆上的理事？,2026-08-31,1
stocking,b2,2026-08-31,active,daddy_long_legs,3,9,daddy_long_legs|ch3|9,"It was a very low motive, if you must know it, that prompted the silk stockings.",跟你说实话吧，促使我买丝袜的动机实在不怎么高尚。,2026-08-31,1
maple,c1,2026-08-31,active,daddy_long_legs,3,5,daddy_long_legs|ch3|5,"Broiled lobster (35 cents), and for dessert, buckwheat cakes and maple syrup (15 cents).",烤龙虾（35 美分），甜点是荞麦饼和枫糖浆（15 美分）。,2026-08-31,1
breed,c1,2026-08-31,active,daddy_long_legs,3,2,daddy_long_legs|ch3|2,On the topmost branches of her family tree there's a superior breed of monkeys with very fine silky hair and extra long tails.,在我家族谱系树最高的枝头上，蹲着一种优良品种的猴子——毛又细又软，尾巴也格外长。,2026-08-31,1
bushel,c1,2026-08-31,active,daddy_long_legs,3,2,daddy_long_legs|ch3|2,I've read seventeen novels and bushels of poetry—really necessary novels like Vanity Fair and Richard Feverel and Alice in Wonderland.,我读了十七本小说和大量的诗——都是真正必要的小说，比如《名利场》《理查德·费弗雷尔》和《爱丽丝漫游奇境》。,2026-08-31,1
dormitory,c1,2026-08-31,active,daddy_long_legs,3,2,daddy_long_legs|ch3|2,"This dormitory, owing to its age and ivy-covered walls, is full of centipedes.",这栋宿舍楼年头久、爬满常春藤，里面全是蜈蚣。,2026-08-31,1
leak,c1,2026-08-31,active,daddy_long_legs,3,2,daddy_long_legs|ch3|2,I forgot to take any blotting paper and my fountain pen leaked.,我忘了带吸墨纸，钢笔漏水了。,2026-08-31,1
flake,c1,2026-08-31,active,daddy_long_legs,3,1,daddy_long_legs|ch3|1,All the world that I see from my tower is draped in white and the flakes are coming down as big as pop-corns.,从我的塔楼望出去，整个世界都裹上了白色，雪花落下来像爆米花那么大。,2026-08-31,1
steamer,c1,2026-08-31,active,daddy_long_legs,3,1,daddy_long_legs|ch3|1,A steamer rug. (My tower is cold.)  V.,一条轮船上盖的旅行毛毯。（我的塔楼很冷。）,2026-08-31,1
composite,c1,2026-08-31,active,daddy_long_legs,3,1,daddy_long_legs|ch3|1,"You don't object, do you, to playing the part of a composite family?",你不介意扮演一个“拼凑家庭”的角色吧？,2026-08-31,1
copper,c1,2026-08-31,active,daddy_long_legs,3,1,daddy_long_legs|ch3|1,"The kitchen is huge, with copper pots and kettles hanging in rows on the stone wall—the littlest casserole among them about the size of a wash boiler.",厨房非常大，石头墙上一排排挂着铜锅铜壶——其中最小的一口炖锅也有洗衣锅那么大。,2026-08-31,1
sardine,c1,2026-08-31,active,daddy_long_legs,3,1,daddy_long_legs|ch3|1,I had a supper party this evening consisting of Sallie and Julia and Leonora Fenton—and sardines and toasted muffins and salad and fudge and coffee.,今晚我办了个小小的晚宴，客人是莎莉、朱莉娅和莉奥诺拉·芬顿——吃的是沙丁鱼、烤松饼、沙拉、软糖和咖啡。,2026-08-31,1
futile,c1,2026-08-31,active,daddy_long_legs,3,1,daddy_long_legs|ch3|1,How futile a thing is education!,教育这东西多么无用啊！,2026-08-31,1
shaky,c1,2026-08-31,active,daddy_long_legs,3,1,daddy_long_legs|ch3|1,I can't write any more; I get rather shaky when I sit up too long.,我写不下去了；坐得太久，我有点发抖。,2026-08-31,1
acquisitive,c1,2026-08-31,active,daddy_long_legs,3,1,daddy_long_legs|ch3|1,I don't know why I am in such a reminiscent mood except that spring and the reappearance of toads always awakens the old acquisitive instinct.,我不知道自己为什么这么怀旧——大概是春天和重新出洞的蟾蜍，总唤起那种古老的占有欲吧。,2026-08-31,1
stew,c1,2026-08-31,active,daddy_long_legs,3,1,daddy_long_legs|ch3|1,We had mutton stew and pie-plant for lunch—hate 'em both; they taste like the asylum.,午饭吃的是炖羊肉和大黄派——两样都讨厌；吃起来一股孤儿院的味道。,2026-08-31,1
candy,b2,2026-08-31,active,daddy_long_legs,3,5,daddy_long_legs|ch3|5,"It was great fun, though I have seen better candy.",非常好玩，虽然我吃过比这更好的糖。,2026-08-31,1
go back,a1,2026-08-31,active,daddy_long_legs,4,1,daddy_long_legs|ch4|1,I'd rather die than go back.,"我宁愿死,也不愿回去。",2026-08-31,1
brook,c1,2026-08-31,active,daddy_long_legs,4,4,daddy_long_legs|ch4|4,We churn twice a week; and we keep the cream in the spring house which is made of stone with the brook running underneath.,我们每周搅两次黄油；奶油存在泉水屋里——那屋子是石头砌的，底下有一条小溪流过。,2026-08-31,1
locust,c1,2026-08-31,active,daddy_long_legs,4,3,daddy_long_legs|ch4|3,"A nice sleepy sermon with everybody drowsily waving palm-leaf fans, and the only sound, aside from the minister, the buzzing of locusts in the trees outside.",布道让人昏昏欲睡，人人都摇着棕榈叶扇打盹；除了牧师的声音，唯一的声响就是外面树上的蝉鸣。,2026-08-31,1
intrigue,c1,2026-08-31,active,daddy_long_legs,4,2,daddy_long_legs|ch4|2,Such an atmosphere of intrigue you should see what politicians we are!,这里的气氛全是勾心斗角——你真该看看我们这群“政客”！,2026-08-31,1
superior,b2,2026-08-31,active,daddy_long_legs,4,6,daddy_long_legs|ch4|6,I believe they're superior to grandmothers.,我相信她们比亲奶奶还要好。,2026-08-31,1
saucer,c1,2026-08-31,active,daddy_long_legs,4,1,daddy_long_legs|ch4|1,We set out a saucer of milk for the barn cat every night before we lock up.,每晚锁门前，我们都会给谷仓猫摆出一碟牛奶。,2026-08-31,1
obstruct,c1,2026-08-31,active,daddy_long_legs,4,1,daddy_long_legs|ch4|1,"The barns used to be across the road where they obstructed the view, but a kind flash of lightning came from heaven and burnt them down.",谷仓原来在路对面，挡住了视线；后来一道好心的闪电从天而降，把它们烧了个精光。,2026-08-31,1
fowl,c1,2026-08-31,active,daddy_long_legs,4,1,daddy_long_legs|ch4|1,We've oceans of little baby chickens and ducks and turkeys and guinea fowls.,我们有成群的小鸡、小鸭、小火鸡和珍珠鸡。,2026-08-31,1
buzz,c1,2026-08-31,active,daddy_long_legs,4,1,daddy_long_legs|ch4|1,"A nice sleepy sermon with everybody drowsily waving palm-leaf fans, and the only sound, aside from the minister, the buzzing of locusts in the trees outside.",除了牧师的声音，唯一的声响就是外面树上的蝉在嗡嗡叫。,2026-08-31,1
windmill,c1,2026-08-31,active,daddy_long_legs,4,1,daddy_long_legs|ch4|1,Also in a corner of the attic there is a water wheel and a windmill and some bows and arrows.,另外阁楼的角落里还有一架水轮和一架风车，还有几把弓箭。,2026-08-31,1
thresh,c1,2026-08-31,active,daddy_long_legs,4,1,daddy_long_legs|ch4|1,We're going to begin threshing oats tomorrow; a steam engine is coming and three extra men.,我们明天开始打燕麦；会来一台蒸汽机，还雇三个帮工。,2026-08-31,1
trail,b2,2026-08-31,active,daddy_long_legs,4,8,daddy_long_legs|ch4|8,"He spent the summer here once after he had been ill, when he was about eleven years old; and he left On the Trail behind.",他大约十一岁那年，病后在这里度过一个夏天；离开时留下了那本《在小径上》。,2026-08-31,1
barn,b2,2026-08-31,active,daddy_long_legs,4,7,daddy_long_legs|ch4|7,"I fell off a beam in the barn loft yesterday, while I was trying to crawl over to a nest that the black hen has stolen.",昨天我从谷仓草棚的一根横梁上摔了下来——当时我正想爬过去看那只黑母鸡偷藏的窝。,2026-08-31,1
pine,b2,2026-08-31,active,daddy_long_legs,4,4,daddy_long_legs|ch4|4,He proposed that we go to College Inn—it's just off the campus by the pine walk.,他提议去“学院旅店”——就在校园边上，松树小径旁。,2026-08-31,1
elect,b2,2026-08-31,active,daddy_long_legs,4,5,daddy_long_legs|ch4|5,"Sallie is running for class president, and unless all signs fail, she is going to be elected.",莎莉正在竞选班长；如果没有意外，她会当选。,2026-08-31,1
trunk,b2,2026-08-31,active,daddy_long_legs,4,7,daddy_long_legs|ch4|7,"I leave you now to pack a trunk, and three boxes of teakettles and dishes and sofa cushions and books.",我现在就去收拾一只大衣箱，外加三箱子茶壶、盘子、沙发垫子和书。,2026-08-31,1
athletic,b2,2026-08-31,active,daddy_long_legs,4,6,daddy_long_legs|ch4|6,We walked all over the campus from the quadrangle to the athletic grounds; then he said he felt weak and must have some tea.,我们走遍了整个校园，从四方院子一直走到运动场；然后他说他有点虚，必须喝杯茶。,2026-08-31,1
wagon,b2,2026-08-31,active,daddy_long_legs,4,3,daddy_long_legs|ch4|3,I rode on a hay wagon yesterday.,昨天我坐了一回干草车。,2026-08-31,1
scratch,b2,2026-08-31,active,daddy_long_legs,4,3,daddy_long_legs|ch4|3,"And when I came in with a scratched knee, Mrs. Semple bound it up with witch-hazel, murmuring all the time, 'Dear!",当我划破了膝盖走进来时，森普尔太太一边用药水包扎一边不停念叨：“亲爱的！”,2026-08-31,1
go off,a1,2026-08-31,active,daddy_long_legs,5,2,daddy_long_legs|ch5|2,"When you put a hungry little nine-year girl in the pantry scouring knives, with the cookie jar at her elbow, and go off and leave her alone; and then suddenly pop in again, wouldn't you expect to find her a bit crumby?","当你把一个饥肠辘辘的九岁小女孩独自留在储藏室里擦刀,饼干罐就搁在她手肘边,而你却走开把她一个人撂下,紧接着,你突然出现在门口——正好撞见她把手伸进饼干罐。",2026-08-31,1
swamp,c1,2026-08-31,active,daddy_long_legs,5,3,daddy_long_legs|ch5|3,"We kept losing the trail, and we wasted twenty-five minutes over that swamp.",我们老是迷路，光在那片沼泽里就白白耗了二十五分钟。,2026-08-31,1
utmost,c1,2026-08-31,active,daddy_long_legs,5,2,daddy_long_legs|ch5|2,"I passed everything with the utmost ease—I know the secret now, and am never going to fail again.",我轻轻松松通过了所有考试——现在我摸到诀窍了，再也不会不及格。,2026-08-31,1
transparency,c1,2026-08-31,active,daddy_long_legs,5,1,daddy_long_legs|ch5|1,"Sallie was elected, and we had a torchlight parade with transparencies saying, 'McBride for Ever,' and a band consisting of fourteen pieces (three mouth organs and eleven combs).",莎莉当选了，我们举着火把游行，灯牌上写着“麦克布莱德万岁”，还有一支十四件乐器（三支口琴和十一把梳子）组成的乐队。,2026-08-31,1
compress,c1,2026-08-31,active,daddy_long_legs,5,1,daddy_long_legs|ch5|1,I'd be willing to be black and blue all over and stay in bed a week in a witch-hazel compress.,哪怕浑身青一块紫一块、在床上躺一个星期，只要敷着药水布我也愿意。,2026-08-31,1
theatrical,c1,2026-08-31,active,daddy_long_legs,5,1,daddy_long_legs|ch5|1,I'm to be in the Thanksgiving theatricals.,我要参加感恩节的戏剧演出。,2026-08-31,1
knob,c1,2026-08-31,active,daddy_long_legs,5,1,daddy_long_legs|ch5|1,I have polished the brass knobs on my bureau until they shine like little moons.,我把五斗橱上的铜把手擦了又擦，直到它们亮得像一个个小月亮。,2026-08-31,1
mouthful,c1,2026-08-31,active,daddy_long_legs,5,1,daddy_long_legs|ch5|1,She takes such a tiny mouthful at each bite that dinner lasts an hour.,她每口只吃那么一小点，一顿晚饭要吃上一个钟头。,2026-08-31,1
destructive,c1,2026-08-31,active,daddy_long_legs,5,1,daddy_long_legs|ch5|1,Centipedes are the most destructive guests a tower room can entertain.,蜈蚣是一座塔楼房间所能招待的最具破坏性的客人。,2026-08-31,1
infancy,c1,2026-08-31,active,daddy_long_legs,5,1,daddy_long_legs|ch5|1,"Dear Daddy-Long-Legs,  Did you ever have a sweet baby girl who was stolen from the cradle in infancy?",亲爱的长腿叔叔，你可曾有过一个甜甜的小女孩，还在襁褓之中就被人从摇篮里偷走了？,2026-08-31,1
dazzle,c1,2026-08-31,active,daddy_long_legs,5,1,daddy_long_legs|ch5|1,"And after luncheon we went to the theatre—it was dazzling, marvellous, unbelievable—I dream about it every night.",午饭后我们去了剧院——那真是令人目眩神迷、妙不可言、难以置信——我夜夜梦见它。,2026-08-31,1
negro,c1,2026-08-31,active,daddy_long_legs,5,1,daddy_long_legs|ch5|1,"We came back Saturday night and had our dinner in the train, at little tables with pink lamps and negro waiters.",我们星期六夜里回来，在火车上用晚餐——一张张小桌配着粉色台灯，侍者是黑人。,2026-08-31,1
sham,c1,2026-08-31,active,daddy_long_legs,5,1,daddy_long_legs|ch5|1,I felt as though they saw right through my sham new clothes to the checked ginghams underneath.,我觉得他们一眼就看穿了我这身假冒的新衣裳，看见了底下的格子布衣。,2026-08-31,1
thereof,c1,2026-08-31,active,daddy_long_legs,5,1,daddy_long_legs|ch5|1,Sufficient unto yesterday is the evil thereof.,昨天的邪恶已经够了，它的祸患也随之而止。,2026-08-31,1
scholarship,b2,2026-08-31,active,daddy_long_legs,5,10,daddy_long_legs|ch5|10,"'The test of true scholarship,' says Chemistry Professor, 'is a painstaking passion for detail.'  'Be careful not to keep your eyes glued to detail,' says History Professor.",“真才实学的考验，”化学教授说，“是对细节的苦心痴迷。”“小心别让眼睛死盯着细节。”历史教授说。,2026-08-31,1
elbow,b2,2026-08-31,active,daddy_long_legs,5,5,daddy_long_legs|ch5|5,"We sit four at one table, and my elbows have learned to keep to their own share of it.",我们四个人挤一张桌子，我的两个胳膊肘已经学会只守自己那一份了。,2026-08-31,1
junior,b2,2026-08-31,active,daddy_long_legs,5,4,daddy_long_legs|ch5|4,"Of course we're pleased—but oh, if we could only beat the juniors!",我们当然高兴——可是唉，要是能打败三年级学长就更好了！,2026-08-31,1
terribly,b2,2026-08-31,active,daddy_long_legs,5,4,daddy_long_legs|ch5|4,I am terribly excited at the prospect.,一想到眼前的前景，我激动得不得了。,2026-08-31,1
jar,b2,2026-08-31,active,daddy_long_legs,5,4,daddy_long_legs|ch5|4,The kitchen shelf holds rows of glass jars filled with the summer's jam.,厨房的架子上摆着一排排玻璃罐，装满了夏天熬的果酱。,2026-08-31,1
